<?xml version="1.0" encoding="UTF-8"?>
<configurationDescriptor version="97">
  <logicalFolder name="root" displayName="root" projectFiles="true" kind="ROOT">
    <logicalFolder name="HeaderFiles"
                   displayName="Header Files"
                   projectFiles="true">
      <itemPath>Food.h</itemPath>
      <itemPath>Game.h</itemPath>
      <itemPath>Motor2D.h</itemPath>
      <itemPath>Resources.h</itemPath>
      <itemPath>Sprite.h</itemPath>
    </logicalFolder>
    <logicalFolder name="ResourceFiles"
                   displayName="Resource Files"
                   projectFiles="true">
    </logicalFolder>
    <logicalFolder name="resources" displayName="resources" projectFiles="true">
      <itemPath>resources/sprites.png</itemPath>
    </logicalFolder>
    <logicalFolder name="SourceFiles"
                   displayName="Source Files"
                   projectFiles="true">
      <itemPath>Food.cpp</itemPath>
      <itemPath>Game.cpp</itemPath>
      <itemPath>Motor2D.cpp</itemPath>
      <itemPath>Sprite.cpp</itemPath>
      <itemPath>main.cpp</itemPath>
    </logicalFolder>
    <logicalFolder name="TestFiles"
                   displayName="Test Files"
                   projectFiles="false"
                   kind="TEST_LOGICAL_FOLDER">
    </logicalFolder>
    <logicalFolder name="ExternalFiles"
                   displayName="Important Files"
                   projectFiles="false"
                   kind="IMPORTANT_FILES_FOLDER">
      <itemPath>Makefile</itemPath>
    </logicalFolder>
  </logicalFolder>
  <sourceRootList>
    <Elem>resources</Elem>
  </sourceRootList>
  <projectmakefile>Makefile</projectmakefile>
  <confs>
    <conf name="Debug" type="1">
      <toolsSet>
        <compilerSet>default</compilerSet>
        <dependencyChecking>true</dependencyChecking>
        <rebuildPropChanged>false</rebuildPropChanged>
      </toolsSet>
      <compileType>
      </compileType>
      <item path="Food.cpp" ex="false" tool="1" flavor2="0">
      </item>
      <item path="Food.h" ex="false" tool="3" flavor2="0">
      </item>
      <item path="Game.cpp" ex="false" tool="1" flavor2="0">
      </item>
      <item path="Game.h" ex="false" tool="3" flavor2="0">
      </item>
      <item path="Motor2D.cpp" ex="false" tool="1" flavor2="0">
      </item>
      <item path="Motor2D.h" ex="false" tool="3" flavor2="0">
      </item>
      <item path="Resources.h" ex="false" tool="3" flavor2="0">
      </item>
      <item path="Sprite.cpp" ex="false" tool="1" flavor2="0">
      </item>
      <item path="Sprite.h" ex="false" tool="3" flavor2="0">
      </item>
      <item path="main.cpp" ex="false" tool="1" flavor2="0">
      </item>
      <item path="resources/sprites.png" ex="false" tool="3" flavor2="0">
      </item>
    </conf>
    <conf name="Release" type="1">
      <toolsSet>
        <compilerSet>default</compilerSet>
        <dependencyChecking>true</dependencyChecking>
        <rebuildPropChanged>false</rebuildPropChanged>
      </toolsSet>
      <compileType>
        <cTool>
          <developmentMode>5</developmentMode>
        </cTool>
        <ccTool>
          <developmentMode>5</developmentMode>
        </ccTool>
        <fortranCompilerTool>
          <developmentMode>5</developmentMode>
        </fortranCompilerTool>
        <asmTool>
          <developmentMode>5</developmentMode>
        </asmTool>
      </compileType>
      <item path="Food.cpp" ex="false" tool="1" flavor2="0">
      </item>
      <item path="Food.h" ex="false" tool="3" flavor2="0">
      </item>
      <item path="Game.cpp" ex="false" tool="1" flavor2="0">
      </item>
      <item path="Game.h" ex="false" tool="3" flavor2="0">
      </item>
      <item path="Motor2D.cpp" ex="false" tool="1" flavor2="0">
      </item>
      <item path="Motor2D.h" ex="false" tool="3" flavor2="0">
      </item>
      <item path="Resources.h" ex="false" tool="3" flavor2="0">
      </item>
      <item path="Sprite.cpp" ex="false" tool="1" flavor2="0">
      </item>
      <item path="Sprite.h" ex="false" tool="3" flavor2="0">
      </item>
      <item path="main.cpp" ex="false" tool="1" flavor2="0">
      </item>
      <item path="resources/sprites.png" ex="false" tool="3" flavor2="0">
      </item>
    </conf>
  </confs>
</configurationDescriptor>
