<?xml version="1.0" encoding="UTF-8"?>
<project-private xmlns="http://www.netbeans.org/ns/project-private/1">
    <data xmlns="http://www.netbeans.org/ns/make-project-private/1">
        <activeConfTypeElem>1</activeConfTypeElem>
        <activeConfIndexElem>0</activeConfIndexElem>
    </data>
    <editor-bookmarks xmlns="http://www.netbeans.org/ns/editor-bookmarks/2" lastBookmarkId="0"/>
    <open-files xmlns="http://www.netbeans.org/ns/projectui-open-files/2">
        <group>
            <file>file:/home/blanca/NetBeansProjects/final_project/Sprite.h</file>
            <file>file:/home/blanca/NetBeansProjects/final_project/Motor2D.cpp</file>
            <file>file:/home/blanca/NetBeansProjects/final_project/Game.cpp</file>
            <file>file:/home/blanca/NetBeansProjects/final_project/Game.h</file>
            <file>file:/home/blanca/NetBeansProjects/final_project/Sprite.cpp</file>
            <file>file:/home/blanca/NetBeansProjects/final_project/Food.h</file>
            <file>file:/home/blanca/NetBeansProjects/final_project/main.cpp</file>
            <file>file:/home/blanca/NetBeansProjects/final_project/Food.cpp</file>
        </group>
    </open-files>
</project-private>
